Month;#Commits
2016-04;67
2016-05;56
2016-06;87
2016-07;0
2016-08;51
2016-09;10
2016-10;124
2016-11;83
2016-12;50
2017-01;39
2017-02;131
2017-03;146
2017-04;74
2017-05;45
2017-06;114
2017-07;99
2017-08;124
2017-09;117
2017-10;42
2017-11;43
2017-12;36
2018-01;39
2018-02;150
2018-03;101
2018-04;41
2018-05;43
2018-06;79
2018-07;86
2018-08;39
2018-09;73
2018-10;73
2018-11;54
2018-12;43
2019-01;56
2019-02;75
2019-03;6
2019-04;18
2019-05;58
2019-06;73
2019-07;38
2019-08;31
2019-09;41
2019-10;22
2019-11;2
2019-12;45
2020-01;7
2020-02;3
2020-03;1
2020-04;0
2020-05;3
2020-06;9
2020-07;0
2020-08;0
2020-09;3
2020-10;1
2020-11;1
2020-12;1
2021-01;8
2021-02;37
2021-03;6
2021-04;0
2021-05;12
2021-06;2
2021-07;0
2021-08;0
2021-09;0
2021-10;0
2021-11;4
2021-12;2
2022-01;2
2022-02;0
2022-03;0
2022-04;0
2022-05;0
2022-06;0
2022-07;0
2022-08;0
2022-09;0
2022-10;0
2022-11;1
2022-12;0
2023-01;0
2023-02;0
2023-03;0
2023-04;0
2023-05;25
2023-06;5
2023-07;0
2023-08;0
2023-09;0
2023-10;0
2023-11;0
2023-12;0
2024-01;0
2024-02;0
2024-03;0
2024-04;0
2024-05;0
2024-06;0
2024-07;0
2024-08;0
2024-09;0
2024-10;5
2024-11;16
2024-12;2
2025-01;2
2025-02;0
2025-03;2
